{"assets/images/logoAI.png":["assets/images/logoAI.png"],"assets/images/logo_drive.png":["assets/images/logo_drive.png"],"assets/images/logoapp.png":["assets/images/logoapp.png"],"assets/images/logodienthoai.jpg":["assets/images/logodienthoai.jpg"],"assets/images/logogmail.png":["assets/images/logogmail.png"],"assets/images/logogoogle.png":["assets/images/logogoogle.png"],"assets/images/logomess.png":["assets/images/logomess.png"],"assets/images/logotecksale.png":["assets/images/logotecksale.png"],"assets/images/logozalo.png":["assets/images/logozalo.png"],"assets/images/qrzalo.jpg":["assets/images/qrzalo.jpg"],"packages/cupertino_icons/assets/CupertinoIcons.ttf":["packages/cupertino_icons/assets/CupertinoIcons.ttf"]}